{
    "timestamp": "2025-05-20T05:16:17.246992",
    "cash": 5700.355644175157,
    "coins": {
        "bitcoin": 0.12815922810880004,
        "ethereum": 0.07202185293824001,
        "litecoin": 0.052962122350592014,
        "cardano": 0.03864540988047361,
        "dogecoin": 0.030916327904378885
    },
    "value": 8927.405056000003
}